"订单编号","下单时间","用户ID","来源ID","支付状态","支付方式","支付入口","充值金额","充值类型","次数/月份","会员名","邮箱","商品名字"
`400201708281142018360`,"2017-08-28 11:42:01","4","client","未支付","","local","10.000","一月","1","Rocky","","收费授权"
`400201708281141594175`,"2017-08-28 11:41:59","4","client","未支付","","local","10.000","一月","1","Rocky","","收费授权"
`400201708281141572876`,"2017-08-28 11:41:57","4","client","未支付","","local","10.000","一月","1","Rocky","","收费授权"
`400201708281141535355`,"2017-08-28 11:41:53","4","client","未支付","","local","10.000","一月","1","Rocky","","收费授权"
`400201708281141252445`,"2017-08-28 11:41:25","4","client","未支付","","local","10.000","一月","1","Rocky","","收费授权"
`400201708281141129108`,"2017-08-28 11:41:12","4","client","未支付","","local","10.000","一月","1","Rocky","","收费授权"
`400201708281140587135`,"2017-08-28 11:40:58","4","client","未支付","","local","10.000","一月","1","Rocky","","收费授权"
`400201708241740203667`,"2017-08-24 17:40:20","4","client","已支付","","local","10.000","一月","1","Rocky","","收费授权"
`400201708241740112437`,"2017-08-24 17:40:11","4","client","未支付","","local","10.000","次数","6","Rocky","","收费授权"
`400201708241736528762`,"2017-08-24 17:36:52","4","client","未支付","","local","10.000","次数","6","Rocky","","收费授权"
`400201708151629409465`,"2017-08-15 16:29:40","4","client","未支付","","local","10.000","一月","1","Rocky","","收费授权"
`400201708151629054833`,"2017-08-15 16:29:05","4","client","未支付","","local","10.000","一月","1","Rocky","","收费授权"
`400201707251657286238`,"2017-07-25 16:57:28","4","client","未支付","","local","9.000","一月","1","Rocky","","收费授权"
`400201707251656598150`,"2017-07-25 16:56:59","4","client","已支付","","local","9.000","一月","1","Rocky","","收费授权"
